flight_id,sched_year,sched_month,sched_day,departure_airport,flight_no,arrival_airport,scheduled_departure,scheduled_arrival,delay_departure,status,flight_duration,city,timezone,actual_departure,actual_arrival,delay_arrival,aircraft_code,manufacturer,board_model,flights_range_km,class2,ticket_count2,amount_sold2,avg_price_class2,class1,ticket_count1,amount_sold1,avg_price_class1,total_amount
136661,2017,1,1,AAQ,PG0480,EGO,2017-01-01T09:25:00Z,2017-01-01T10:15:00Z,0 years 0 mons 0 days 0 hours 2 mins 0.00 secs,Arrived,0 years 0 mons 0 days 0 hours 50 mins 0.00 secs,Belgorod,Europe/Moscow,2017-01-01T09:27:00Z,2017-01-01T10:17:00Z,0 years 0 mons 0 days 0 hours 2 mins 0.00 secs,SU9,Sukhoi,Superjet-100,3000,Economy,84,532200,6336,Business,12,226800,18900,759000
136420,2017,1,1,AAQ,PG0252,SVO,2017-01-01T10:05:00Z,2017-01-01T11:45:00Z,0 years 0 mons 0 days 0 hours 4 mins 0.00 secs,Arrived,0 years 0 mons 0 days 1 hours 38 mins 0.00 secs,Moscow,Europe/Moscow,2017-01-01T10:09:00Z,2017-01-01T11:47:00Z,0 years 0 mons 0 days 0 hours 2 mins 0.00 secs,733,Boeing,737-300,4200,Economy,93,1139400,12252,Business,11,402600,36600,1542000
136936,2017,1,2,AAQ,PG0480,EGO,2017-01-02T09:25:00Z,2017-01-02T10:15:00Z,0 years 0 mons 0 days 0 hours 3 mins 0.00 secs,Arrived,0 years 0 mons 0 days 0 hours 50 mins 0.00 secs,Belgorod,Europe/Moscow,2017-01-02T09:28:00Z,2017-01-02T10:18:00Z,0 years 0 mons 0 days 0 hours 3 mins 0.00 secs,SU9,Sukhoi,Superjet-100,3000,Economy,73,462300,6333,Business,9,170100,18900,632400
136458,2017,1,2,AAQ,PG0252,SVO,2017-01-02T10:05:00Z,2017-01-02T11:45:00Z,0 years 0 mons 0 days 0 hours 2 mins 0.00 secs,Arrived,0 years 0 mons 0 days 1 hours 39 mins 0.00 secs,Moscow,Europe/Moscow,2017-01-02T10:07:00Z,2017-01-02T11:46:00Z,0 years 0 mons 0 days 0 hours 1 mins 0.00 secs,733,Boeing,737-300,4200,Economy,101,1239400,12271,Business,9,329400,36600,1568800
136546,2017,1,3,AAQ,PG0194,NOZ,2017-01-03T06:10:00Z,2017-01-03T11:15:00Z,0 years 0 mons 0 days 0 hours 3 mins 0.00 secs,Arrived,0 years 0 mons 0 days 5 hours 2 mins 0.00 secs,Novokuznetsk,Asia/Novokuznetsk,2017-01-03T06:13:00Z,2017-01-03T11:15:00Z,0 years 0 mons 0 days 0 hours 0 mins 0.00 secs,733,Boeing,737-300,4200,,,,,,,,,
136937,2017,1,3,AAQ,PG0480,EGO,2017-01-03T09:25:00Z,2017-01-03T10:15:00Z,0 years 0 mons 0 days 0 hours 4 mins 0.00 secs,Arrived,0 years 0 mons 0 days 0 hours 50 mins 0.00 secs,Belgorod,Europe/Moscow,2017-01-03T09:29:00Z,2017-01-03T10:19:00Z,0 years 0 mons 0 days 0 hours 4 mins 0.00 secs,SU9,Sukhoi,Superjet-100,3000,Economy,72,456000,6333,Business,9,170100,18900,626100
136119,2017,1,3,AAQ,PG0252,SVO,2017-01-03T10:05:00Z,2017-01-03T11:45:00Z,0 years 0 mons 0 days 0 hours 3 mins 0.00 secs,Arrived,0 years 0 mons 0 days 1 hours 41 mins 0.00 secs,Moscow,Europe/Moscow,2017-01-03T10:08:00Z,2017-01-03T11:49:00Z,0 years 0 mons 0 days 0 hours 4 mins 0.00 secs,733,Boeing,737-300,4200,Economy,102,1250400,12259,Business,11,402600,36600,1653000
136819,2017,1,4,AAQ,PG0480,EGO,2017-01-04T09:25:00Z,2017-01-04T10:15:00Z,0 years 0 mons 0 days 0 hours 4 mins 0.00 secs,Arrived,0 years 0 mons 0 days 0 hours 50 mins 0.00 secs,Belgorod,Europe/Moscow,2017-01-04T09:29:00Z,2017-01-04T10:19:00Z,0 years 0 mons 0 days 0 hours 4 mins 0.00 secs,SU9,Sukhoi,Superjet-100,3000,Economy,84,532200,6336,Business,12,226800,18900,759000
136159,2017,1,4,AAQ,PG0252,SVO,2017-01-04T10:05:00Z,2017-01-04T11:45:00Z,0 years 0 mons 0 days 0 hours 2 mins 0.00 secs,Arrived,0 years 0 mons 0 days 1 hours 38 mins 0.00 secs,Moscow,Europe/Moscow,2017-01-04T10:07:00Z,2017-01-04T11:45:00Z,0 years 0 mons 0 days 0 hours 0 mins 0.00 secs,733,Boeing,737-300,4200,Economy,103,1261400,12247,Business,12,439200,36600,1700600
136645,2017,1,5,AAQ,PG0480,EGO,2017-01-05T09:25:00Z,2017-01-05T10:15:00Z,0 years 0 mons 0 days 0 hours 4 mins 0.00 secs,Arrived,0 years 0 mons 0 days 0 hours 51 mins 0.00 secs,Belgorod,Europe/Moscow,2017-01-05T09:29:00Z,2017-01-05T10:20:00Z,0 years 0 mons 0 days 0 hours 5 mins 0.00 secs,SU9,Sukhoi,Superjet-100,3000,Economy,73,462900,6341,Business,9,170100,18900,633000
136202,2017,1,5,AAQ,PG0252,SVO,2017-01-05T10:05:00Z,2017-01-05T11:45:00Z,0 years 0 mons 0 days 0 hours 2 mins 0.00 secs,Arrived,0 years 0 mons 0 days 1 hours 42 mins 0.00 secs,Moscow,Europe/Moscow,2017-01-05T10:07:00Z,2017-01-05T11:49:00Z,0 years 0 mons 0 days 0 hours 4 mins 0.00 secs,733,Boeing,737-300,4200,Economy,89,1093000,12281,Business,11,402600,36600,1495600
136706,2017,1,6,AAQ,PG0480,EGO,2017-01-06T09:25:00Z,2017-01-06T10:15:00Z,0 years 0 mons 0 days 0 hours 5 mins 0.00 secs,Arrived,0 years 0 mons 0 days 0 hours 50 mins 0.00 secs,Belgorod,Europe/Moscow,2017-01-06T09:30:00Z,2017-01-06T10:20:00Z,0 years 0 mons 0 days 0 hours 5 mins 0.00 secs,SU9,Sukhoi,Superjet-100,3000,Economy,84,532200,6336,Business,11,207900,18900,740100
136209,2017,1,6,AAQ,PG0252,SVO,2017-01-06T10:05:00Z,2017-01-06T11:45:00Z,0 years 0 mons 0 days 0 hours 4 mins 0.00 secs,Arrived,0 years 0 mons 0 days 1 hours 40 mins 0.00 secs,Moscow,Europe/Moscow,2017-01-06T10:09:00Z,2017-01-06T11:49:00Z,0 years 0 mons 0 days 0 hours 4 mins 0.00 secs,733,Boeing,737-300,4200,Economy,102,1249200,12247,Business,10,366000,36600,1615200
136632,2017,1,7,AAQ,PG0480,EGO,2017-01-07T09:25:00Z,2017-01-07T10:15:00Z,0 years 0 mons 0 days 3 hours 17 mins 0.00 secs,Arrived,0 years 0 mons 0 days 0 hours 51 mins 0.00 secs,Belgorod,Europe/Moscow,2017-01-07T12:42:00Z,2017-01-07T13:33:00Z,0 years 0 mons 0 days 3 hours 18 mins 0.00 secs,SU9,Sukhoi,Superjet-100,3000,Economy,80,506400,6330,Business,11,207900,18900,714300
136164,2017,1,7,AAQ,PG0252,SVO,2017-01-07T10:05:00Z,2017-01-07T11:45:00Z,0 years 0 mons 0 days 0 hours 2 mins 0.00 secs,Arrived,0 years 0 mons 0 days 1 hours 39 mins 0.00 secs,Moscow,Europe/Moscow,2017-01-07T10:07:00Z,2017-01-07T11:46:00Z,0 years 0 mons 0 days 0 hours 1 mins 0.00 secs,733,Boeing,737-300,4200,Economy,109,1335800,12255,Business,11,402600,36600,1738400
136609,2017,1,8,AAQ,PG0480,EGO,2017-01-08T09:25:00Z,2017-01-08T10:15:00Z,0 years 0 mons 0 days 0 hours 3 mins 0.00 secs,Arrived,0 years 0 mons 0 days 0 hours 50 mins 0.00 secs,Belgorod,Europe/Moscow,2017-01-08T09:28:00Z,2017-01-08T10:18:00Z,0 years 0 mons 0 days 0 hours 3 mins 0.00 secs,SU9,Sukhoi,Superjet-100,3000,Economy,71,450300,6342,Business,10,189000,18900,639300
136122,2017,1,8,AAQ,PG0252,SVO,2017-01-08T10:05:00Z,2017-01-08T11:45:00Z,0 years 0 mons 0 days 0 hours 3 mins 0.00 secs,Arrived,0 years 0 mons 0 days 1 hours 40 mins 0.00 secs,Moscow,Europe/Moscow,2017-01-08T10:08:00Z,2017-01-08T11:48:00Z,0 years 0 mons 0 days 0 hours 3 mins 0.00 secs,733,Boeing,737-300,4200,Economy,87,1065000,12241,Business,10,366000,36600,1431000
136733,2017,1,9,AAQ,PG0480,EGO,2017-01-09T09:25:00Z,2017-01-09T10:15:00Z,0 years 0 mons 0 days 0 hours 2 mins 0.00 secs,Arrived,0 years 0 mons 0 days 0 hours 51 mins 0.00 secs,Belgorod,Europe/Moscow,2017-01-09T09:27:00Z,2017-01-09T10:18:00Z,0 years 0 mons 0 days 0 hours 3 mins 0.00 secs,SU9,Sukhoi,Superjet-100,3000,Economy,82,519600,6337,Business,12,226800,18900,746400
136464,2017,1,9,AAQ,PG0252,SVO,2017-01-09T10:05:00Z,2017-01-09T11:45:00Z,0 years 0 mons 0 days 0 hours 2 mins 0.00 secs,Arrived,0 years 0 mons 0 days 1 hours 40 mins 0.00 secs,Moscow,Europe/Moscow,2017-01-09T10:07:00Z,2017-01-09T11:47:00Z,0 years 0 mons 0 days 0 hours 2 mins 0.00 secs,733,Boeing,737-300,4200,Economy,93,1141800,12277,Business,7,256200,36600,1398000
136523,2017,1,10,AAQ,PG0194,NOZ,2017-01-10T06:10:00Z,2017-01-10T11:15:00Z,0 years 0 mons 0 days 0 hours 4 mins 0.00 secs,Arrived,0 years 0 mons 0 days 5 hours 12 mins 0.00 secs,Novokuznetsk,Asia/Novokuznetsk,2017-01-10T06:14:00Z,2017-01-10T11:26:00Z,0 years 0 mons 0 days 0 hours 11 mins 0.00 secs,733,Boeing,737-300,4200,,,,,,,,,
136586,2017,1,10,AAQ,PG0480,EGO,2017-01-10T09:25:00Z,2017-01-10T10:15:00Z,0 years 0 mons 0 days 0 hours 3 mins 0.00 secs,Arrived,0 years 0 mons 0 days 0 hours 50 mins 0.00 secs,Belgorod,Europe/Moscow,2017-01-10T09:28:00Z,2017-01-10T10:18:00Z,0 years 0 mons 0 days 0 hours 3 mins 0.00 secs,SU9,Sukhoi,Superjet-100,3000,Economy,84,532200,6336,Business,12,226800,18900,759000
136423,2017,1,10,AAQ,PG0252,SVO,2017-01-10T10:05:00Z,2017-01-10T11:45:00Z,0 years 0 mons 0 days 0 hours 7 mins 0.00 secs,Arrived,0 years 0 mons 0 days 1 hours 40 mins 0.00 secs,Moscow,Europe/Moscow,2017-01-10T10:12:00Z,2017-01-10T11:52:00Z,0 years 0 mons 0 days 0 hours 7 mins 0.00 secs,733,Boeing,737-300,4200,Economy,118,1446800,12261,Business,11,402600,36600,1849400
136855,2017,1,11,AAQ,PG0480,EGO,2017-01-11T09:25:00Z,2017-01-11T10:15:00Z,0 years 0 mons 0 days 2 hours 42 mins 0.00 secs,Arrived,0 years 0 mons 0 days 0 hours 50 mins 0.00 secs,Belgorod,Europe/Moscow,2017-01-11T12:07:00Z,2017-01-11T12:57:00Z,0 years 0 mons 0 days 2 hours 42 mins 0.00 secs,SU9,Sukhoi,Superjet-100,3000,Economy,75,475500,6340,Business,12,226800,18900,702300
136366,2017,1,11,AAQ,PG0252,SVO,2017-01-11T10:05:00Z,2017-01-11T11:45:00Z,0 years 0 mons 0 days 0 hours 3 mins 0.00 secs,Arrived,0 years 0 mons 0 days 1 hours 39 mins 0.00 secs,Moscow,Europe/Moscow,2017-01-11T10:08:00Z,2017-01-11T11:47:00Z,0 years 0 mons 0 days 0 hours 2 mins 0.00 secs,733,Boeing,737-300,4200,Economy,92,1124800,12226,Business,11,402600,36600,1527400
136758,2017,1,12,AAQ,PG0480,EGO,2017-01-12T09:25:00Z,2017-01-12T10:15:00Z,0 years 0 mons 0 days 0 hours 1 mins 0.00 secs,Arrived,0 years 0 mons 0 days 0 hours 49 mins 0.00 secs,Belgorod,Europe/Moscow,2017-01-12T09:26:00Z,2017-01-12T10:15:00Z,0 years 0 mons 0 days 0 hours 0 mins 0.00 secs,SU9,Sukhoi,Superjet-100,3000,Economy,85,538500,6335,Business,12,226800,18900,765300
136316,2017,1,12,AAQ,PG0252,SVO,2017-01-12T10:05:00Z,2017-01-12T11:45:00Z,0 years 0 mons 0 days 0 hours 2 mins 0.00 secs,Arrived,0 years 0 mons 0 days 1 hours 40 mins 0.00 secs,Moscow,Europe/Moscow,2017-01-12T10:07:00Z,2017-01-12T11:47:00Z,0 years 0 mons 0 days 0 hours 2 mins 0.00 secs,733,Boeing,737-300,4200,Economy,118,1446800,12261,Business,12,439200,36600,1886000
136871,2017,1,13,AAQ,PG0480,EGO,2017-01-13T09:25:00Z,2017-01-13T10:15:00Z,0 years 0 mons 0 days 0 hours 3 mins 0.00 secs,Arrived,0 years 0 mons 0 days 0 hours 50 mins 0.00 secs,Belgorod,Europe/Moscow,2017-01-13T09:28:00Z,2017-01-13T10:18:00Z,0 years 0 mons 0 days 0 hours 3 mins 0.00 secs,SU9,Sukhoi,Superjet-100,3000,Economy,85,538500,6335,Business,12,226800,18900,765300
136275,2017,1,13,AAQ,PG0252,SVO,2017-01-13T10:05:00Z,2017-01-13T11:45:00Z,0 years 0 mons 0 days 0 hours 3 mins 0.00 secs,Arrived,0 years 0 mons 0 days 1 hours 38 mins 0.00 secs,Moscow,Europe/Moscow,2017-01-13T10:08:00Z,2017-01-13T11:46:00Z,0 years 0 mons 0 days 0 hours 1 mins 0.00 secs,733,Boeing,737-300,4200,Economy,113,1385800,12264,Business,12,439200,36600,1825000
136781,2017,1,14,AAQ,PG0480,EGO,2017-01-14T09:25:00Z,2017-01-14T10:15:00Z,0 years 0 mons 0 days 0 hours 1 mins 0.00 secs,Arrived,0 years 0 mons 0 days 0 hours 50 mins 0.00 secs,Belgorod,Europe/Moscow,2017-01-14T09:26:00Z,2017-01-14T10:16:00Z,0 years 0 mons 0 days 0 hours 1 mins 0.00 secs,SU9,Sukhoi,Superjet-100,3000,Economy,85,538500,6335,Business,12,226800,18900,765300
136185,2017,1,14,AAQ,PG0252,SVO,2017-01-14T10:05:00Z,2017-01-14T11:45:00Z,0 years 0 mons 0 days 0 hours 1 mins 0.00 secs,Arrived,0 years 0 mons 0 days 1 hours 43 mins 0.00 secs,Moscow,Europe/Moscow,2017-01-14T10:06:00Z,2017-01-14T11:49:00Z,0 years 0 mons 0 days 0 hours 4 mins 0.00 secs,733,Boeing,737-300,4200,Economy,94,1154000,12277,Business,10,366000,36600,1520000
136709,2017,1,15,AAQ,PG0480,EGO,2017-01-15T09:25:00Z,2017-01-15T10:15:00Z,0 years 0 mons 0 days 0 hours 3 mins 0.00 secs,Arrived,0 years 0 mons 0 days 0 hours 50 mins 0.00 secs,Belgorod,Europe/Moscow,2017-01-15T09:28:00Z,2017-01-15T10:18:00Z,0 years 0 mons 0 days 0 hours 3 mins 0.00 secs,SU9,Sukhoi,Superjet-100,3000,Economy,76,481800,6339,Business,11,207900,18900,689700
136172,2017,1,15,AAQ,PG0252,SVO,2017-01-15T10:05:00Z,2017-01-15T11:45:00Z,0 years 0 mons 0 days 0 hours 0 mins 0.00 secs,Arrived,0 years 0 mons 0 days 1 hours 39 mins 0.00 secs,Moscow,Europe/Moscow,2017-01-15T10:05:00Z,2017-01-15T11:44:00Z,0 years 0 mons 0 days 0 hours -1 mins -0.00 secs,733,Boeing,737-300,4200,Economy,99,1215000,12273,Business,11,402600,36600,1617600
136907,2017,1,16,AAQ,PG0480,EGO,2017-01-16T09:25:00Z,2017-01-16T10:15:00Z,0 years 0 mons 0 days 0 hours 6 mins 0.00 secs,Arrived,0 years 0 mons 0 days 0 hours 51 mins 0.00 secs,Belgorod,Europe/Moscow,2017-01-16T09:31:00Z,2017-01-16T10:22:00Z,0 years 0 mons 0 days 0 hours 7 mins 0.00 secs,SU9,Sukhoi,Superjet-100,3000,Economy,84,532200,6336,Business,12,226800,18900,759000
136282,2017,1,16,AAQ,PG0252,SVO,2017-01-16T10:05:00Z,2017-01-16T11:45:00Z,0 years 0 mons 0 days 0 hours 2 mins 0.00 secs,Arrived,0 years 0 mons 0 days 1 hours 41 mins 0.00 secs,Moscow,Europe/Moscow,2017-01-16T10:07:00Z,2017-01-16T11:48:00Z,0 years 0 mons 0 days 0 hours 3 mins 0.00 secs,733,Boeing,737-300,4200,Economy,97,1189400,12262,Business,9,329400,36600,1518800
136540,2017,1,17,AAQ,PG0194,NOZ,2017-01-17T06:10:00Z,2017-01-17T11:15:00Z,0 years 0 mons 0 days 0 hours 4 mins 0.00 secs,Arrived,0 years 0 mons 0 days 5 hours 7 mins 0.00 secs,Novokuznetsk,Asia/Novokuznetsk,2017-01-17T06:14:00Z,2017-01-17T11:21:00Z,0 years 0 mons 0 days 0 hours 6 mins 0.00 secs,733,Boeing,737-300,4200,,,,,,,,,
136669,2017,1,17,AAQ,PG0480,EGO,2017-01-17T09:25:00Z,2017-01-17T10:15:00Z,0 years 0 mons 0 days 0 hours 1 mins 0.00 secs,Arrived,0 years 0 mons 0 days 0 hours 51 mins 0.00 secs,Belgorod,Europe/Moscow,2017-01-17T09:26:00Z,2017-01-17T10:17:00Z,0 years 0 mons 0 days 0 hours 2 mins 0.00 secs,SU9,Sukhoi,Superjet-100,3000,Economy,83,525900,6336,Business,12,226800,18900,752700
136471,2017,1,17,AAQ,PG0252,SVO,2017-01-17T10:05:00Z,2017-01-17T11:45:00Z,0 years 0 mons 0 days 0 hours 6 mins 0.00 secs,Arrived,0 years 0 mons 0 days 1 hours 40 mins 0.00 secs,Moscow,Europe/Moscow,2017-01-17T10:11:00Z,2017-01-17T11:51:00Z,0 years 0 mons 0 days 0 hours 6 mins 0.00 secs,733,Boeing,737-300,4200,Economy,108,1323600,12256,Business,12,439200,36600,1762800
136649,2017,1,18,AAQ,PG0480,EGO,2017-01-18T09:25:00Z,2017-01-18T10:15:00Z,0 years 0 mons 0 days 0 hours 0 mins 0.00 secs,Arrived,0 years 0 mons 0 days 0 hours 50 mins 0.00 secs,Belgorod,Europe/Moscow,2017-01-18T09:25:00Z,2017-01-18T10:15:00Z,0 years 0 mons 0 days 0 hours 0 mins 0.00 secs,SU9,Sukhoi,Superjet-100,3000,Economy,84,532200,6336,Business,12,226800,18900,759000
136389,2017,1,18,AAQ,PG0252,SVO,2017-01-18T10:05:00Z,2017-01-18T11:45:00Z,0 years 0 mons 0 days 0 hours 5 mins 0.00 secs,Arrived,0 years 0 mons 0 days 1 hours 40 mins 0.00 secs,Moscow,Europe/Moscow,2017-01-18T10:10:00Z,2017-01-18T11:50:00Z,0 years 0 mons 0 days 0 hours 5 mins 0.00 secs,733,Boeing,737-300,4200,Economy,117,1434600,12262,Business,12,439200,36600,1873800
136654,2017,1,19,AAQ,PG0480,EGO,2017-01-19T09:25:00Z,2017-01-19T10:15:00Z,0 years 0 mons 0 days 0 hours 3 mins 0.00 secs,Arrived,0 years 0 mons 0 days 0 hours 49 mins 0.00 secs,Belgorod,Europe/Moscow,2017-01-19T09:28:00Z,2017-01-19T10:17:00Z,0 years 0 mons 0 days 0 hours 2 mins 0.00 secs,SU9,Sukhoi,Superjet-100,3000,Economy,84,532200,6336,Business,12,226800,18900,759000
136387,2017,1,19,AAQ,PG0252,SVO,2017-01-19T10:05:00Z,2017-01-19T11:45:00Z,0 years 0 mons 0 days 0 hours 3 mins 0.00 secs,Arrived,0 years 0 mons 0 days 1 hours 39 mins 0.00 secs,Moscow,Europe/Moscow,2017-01-19T10:08:00Z,2017-01-19T11:47:00Z,0 years 0 mons 0 days 0 hours 2 mins 0.00 secs,733,Boeing,737-300,4200,Economy,109,1335800,12255,Business,12,439200,36600,1775000
136887,2017,1,20,AAQ,PG0480,EGO,2017-01-20T09:25:00Z,2017-01-20T10:15:00Z,0 years 0 mons 0 days 0 hours 5 mins 0.00 secs,Arrived,0 years 0 mons 0 days 0 hours 49 mins 0.00 secs,Belgorod,Europe/Moscow,2017-01-20T09:30:00Z,2017-01-20T10:19:00Z,0 years 0 mons 0 days 0 hours 4 mins 0.00 secs,SU9,Sukhoi,Superjet-100,3000,Economy,70,444000,6343,Business,8,151200,18900,595200
136463,2017,1,20,AAQ,PG0252,SVO,2017-01-20T10:05:00Z,2017-01-20T11:45:00Z,0 years 0 mons 0 days 0 hours 1 mins 0.00 secs,Arrived,0 years 0 mons 0 days 1 hours 39 mins 0.00 secs,Moscow,Europe/Moscow,2017-01-20T10:06:00Z,2017-01-20T11:45:00Z,0 years 0 mons 0 days 0 hours 0 mins 0.00 secs,733,Boeing,737-300,4200,Economy,110,1349200,12265,Business,12,439200,36600,1788400
136755,2017,1,21,AAQ,PG0480,EGO,2017-01-21T09:25:00Z,2017-01-21T10:15:00Z,0 years 0 mons 0 days 0 hours 5 mins 0.00 secs,Arrived,0 years 0 mons 0 days 0 hours 50 mins 0.00 secs,Belgorod,Europe/Moscow,2017-01-21T09:30:00Z,2017-01-21T10:20:00Z,0 years 0 mons 0 days 0 hours 5 mins 0.00 secs,SU9,Sukhoi,Superjet-100,3000,Economy,85,538500,6335,Business,12,226800,18900,765300
136428,2017,1,21,AAQ,PG0252,SVO,2017-01-21T10:05:00Z,2017-01-21T11:45:00Z,0 years 0 mons 0 days 0 hours 3 mins 0.00 secs,Arrived,0 years 0 mons 0 days 1 hours 39 mins 0.00 secs,Moscow,Europe/Moscow,2017-01-21T10:08:00Z,2017-01-21T11:47:00Z,0 years 0 mons 0 days 0 hours 2 mins 0.00 secs,733,Boeing,737-300,4200,Economy,104,1276000,12269,Business,11,402600,36600,1678600
136927,2017,1,22,AAQ,PG0480,EGO,2017-01-22T09:25:00Z,2017-01-22T10:15:00Z,0 years 0 mons 0 days 0 hours 3 mins 0.00 secs,Arrived,0 years 0 mons 0 days 0 hours 51 mins 0.00 secs,Belgorod,Europe/Moscow,2017-01-22T09:28:00Z,2017-01-22T10:19:00Z,0 years 0 mons 0 days 0 hours 4 mins 0.00 secs,SU9,Sukhoi,Superjet-100,3000,Economy,85,538500,6335,Business,12,226800,18900,765300
136310,2017,1,22,AAQ,PG0252,SVO,2017-01-22T10:05:00Z,2017-01-22T11:45:00Z,0 years 0 mons 0 days 0 hours 2 mins 0.00 secs,Arrived,0 years 0 mons 0 days 1 hours 40 mins 0.00 secs,Moscow,Europe/Moscow,2017-01-22T10:07:00Z,2017-01-22T11:47:00Z,0 years 0 mons 0 days 0 hours 2 mins 0.00 secs,733,Boeing,737-300,4200,Economy,108,1324800,12267,Business,9,329400,36600,1654200
136767,2017,1,23,AAQ,PG0480,EGO,2017-01-23T09:25:00Z,2017-01-23T10:15:00Z,0 years 0 mons 0 days 0 hours 2 mins 0.00 secs,Arrived,0 years 0 mons 0 days 0 hours 51 mins 0.00 secs,Belgorod,Europe/Moscow,2017-01-23T09:27:00Z,2017-01-23T10:18:00Z,0 years 0 mons 0 days 0 hours 3 mins 0.00 secs,SU9,Sukhoi,Superjet-100,3000,Economy,73,462300,6333,Business,10,189000,18900,651300
136293,2017,1,23,AAQ,PG0252,SVO,2017-01-23T10:05:00Z,2017-01-23T11:45:00Z,0 years 0 mons 0 days 0 hours 4 mins 0.00 secs,Arrived,0 years 0 mons 0 days 1 hours 39 mins 0.00 secs,Moscow,Europe/Moscow,2017-01-23T10:09:00Z,2017-01-23T11:48:00Z,0 years 0 mons 0 days 0 hours 3 mins 0.00 secs,733,Boeing,737-300,4200,Economy,102,1250400,12259,Business,12,439200,36600,1689600
136560,2017,1,24,AAQ,PG0194,NOZ,2017-01-24T06:10:00Z,2017-01-24T11:15:00Z,0 years 0 mons 0 days 0 hours 3 mins 0.00 secs,Arrived,0 years 0 mons 0 days 5 hours 5 mins 0.00 secs,Novokuznetsk,Asia/Novokuznetsk,2017-01-24T06:13:00Z,2017-01-24T11:18:00Z,0 years 0 mons 0 days 0 hours 3 mins 0.00 secs,733,Boeing,737-300,4200,,,,,,,,,
136838,2017,1,24,AAQ,PG0480,EGO,2017-01-24T09:25:00Z,2017-01-24T10:15:00Z,0 years 0 mons 0 days 0 hours 5 mins 0.00 secs,Arrived,0 years 0 mons 0 days 0 hours 51 mins 0.00 secs,Belgorod,Europe/Moscow,2017-01-24T09:30:00Z,2017-01-24T10:21:00Z,0 years 0 mons 0 days 0 hours 6 mins 0.00 secs,SU9,Sukhoi,Superjet-100,3000,Economy,76,481200,6332,Business,10,189000,18900,670200
136345,2017,1,24,AAQ,PG0252,SVO,2017-01-24T10:05:00Z,2017-01-24T11:45:00Z,0 years 0 mons 0 days 3 hours 27 mins 0.00 secs,Arrived,0 years 0 mons 0 days 1 hours 40 mins 0.00 secs,Moscow,Europe/Moscow,2017-01-24T13:32:00Z,2017-01-24T15:12:00Z,0 years 0 mons 0 days 3 hours 27 mins 0.00 secs,733,Boeing,737-300,4200,Economy,100,1224800,12248,Business,8,292800,36600,1517600
136571,2017,1,25,AAQ,PG0480,EGO,2017-01-25T09:25:00Z,2017-01-25T10:15:00Z,0 years 0 mons 0 days 0 hours 3 mins 0.00 secs,Arrived,0 years 0 mons 0 days 0 hours 50 mins 0.00 secs,Belgorod,Europe/Moscow,2017-01-25T09:28:00Z,2017-01-25T10:18:00Z,0 years 0 mons 0 days 0 hours 3 mins 0.00 secs,SU9,Sukhoi,Superjet-100,3000,Economy,83,525900,6336,Business,12,226800,18900,752700
136383,2017,1,25,AAQ,PG0252,SVO,2017-01-25T10:05:00Z,2017-01-25T11:45:00Z,0 years 0 mons 0 days 0 hours 4 mins 0.00 secs,Arrived,0 years 0 mons 0 days 1 hours 42 mins 0.00 secs,Moscow,Europe/Moscow,2017-01-25T10:09:00Z,2017-01-25T11:51:00Z,0 years 0 mons 0 days 0 hours 6 mins 0.00 secs,733,Boeing,737-300,4200,Economy,98,1200400,12249,Business,8,292800,36600,1493200
136720,2017,1,26,AAQ,PG0480,EGO,2017-01-26T09:25:00Z,2017-01-26T10:15:00Z,0 years 0 mons 0 days 0 hours 4 mins 0.00 secs,Arrived,0 years 0 mons 0 days 0 hours 50 mins 0.00 secs,Belgorod,Europe/Moscow,2017-01-26T09:29:00Z,2017-01-26T10:19:00Z,0 years 0 mons 0 days 0 hours 4 mins 0.00 secs,SU9,Sukhoi,Superjet-100,3000,Economy,83,525900,6336,Business,12,226800,18900,752700
136436,2017,1,26,AAQ,PG0252,SVO,2017-01-26T10:05:00Z,2017-01-26T11:45:00Z,0 years 0 mons 0 days 0 hours 3 mins 0.00 secs,Arrived,0 years 0 mons 0 days 1 hours 39 mins 0.00 secs,Moscow,Europe/Moscow,2017-01-26T10:08:00Z,2017-01-26T11:47:00Z,0 years 0 mons 0 days 0 hours 2 mins 0.00 secs,733,Boeing,737-300,4200,Economy,112,1372400,12254,Business,12,439200,36600,1811600
136757,2017,1,27,AAQ,PG0480,EGO,2017-01-27T09:25:00Z,2017-01-27T10:15:00Z,0 years 0 mons 0 days 0 hours 5 mins 0.00 secs,Arrived,0 years 0 mons 0 days 0 hours 49 mins 0.00 secs,Belgorod,Europe/Moscow,2017-01-27T09:30:00Z,2017-01-27T10:19:00Z,0 years 0 mons 0 days 0 hours 4 mins 0.00 secs,SU9,Sukhoi,Superjet-100,3000,Economy,85,538500,6335,Business,12,226800,18900,765300
136485,2017,1,27,AAQ,PG0252,SVO,2017-01-27T10:05:00Z,2017-01-27T11:45:00Z,0 years 0 mons 0 days 0 hours 2 mins 0.00 secs,Arrived,0 years 0 mons 0 days 1 hours 40 mins 0.00 secs,Moscow,Europe/Moscow,2017-01-27T10:07:00Z,2017-01-27T11:47:00Z,0 years 0 mons 0 days 0 hours 2 mins 0.00 secs,733,Boeing,737-300,4200,Economy,97,1190600,12274,Business,9,329400,36600,1520000
136678,2017,1,28,AAQ,PG0480,EGO,2017-01-28T09:25:00Z,2017-01-28T10:15:00Z,0 years 0 mons 0 days 0 hours 2 mins 0.00 secs,Arrived,0 years 0 mons 0 days 0 hours 50 mins 0.00 secs,Belgorod,Europe/Moscow,2017-01-28T09:27:00Z,2017-01-28T10:17:00Z,0 years 0 mons 0 days 0 hours 2 mins 0.00 secs,SU9,Sukhoi,Superjet-100,3000,Economy,70,442200,6317,Business,10,189000,18900,631200
136131,2017,1,28,AAQ,PG0252,SVO,2017-01-28T10:05:00Z,2017-01-28T11:45:00Z,0 years 0 mons 0 days 0 hours 2 mins 0.00 secs,Arrived,0 years 0 mons 0 days 1 hours 39 mins 0.00 secs,Moscow,Europe/Moscow,2017-01-28T10:07:00Z,2017-01-28T11:46:00Z,0 years 0 mons 0 days 0 hours 1 mins 0.00 secs,733,Boeing,737-300,4200,Economy,112,1373600,12264,Business,12,439200,36600,1812800
136729,2017,1,29,AAQ,PG0480,EGO,2017-01-29T09:25:00Z,2017-01-29T10:15:00Z,0 years 0 mons 0 days 0 hours 4 mins 0.00 secs,Arrived,0 years 0 mons 0 days 0 hours 50 mins 0.00 secs,Belgorod,Europe/Moscow,2017-01-29T09:29:00Z,2017-01-29T10:19:00Z,0 years 0 mons 0 days 0 hours 4 mins 0.00 secs,SU9,Sukhoi,Superjet-100,3000,Economy,77,487500,6331,Business,11,207900,18900,695400
136178,2017,1,29,AAQ,PG0252,SVO,2017-01-29T10:05:00Z,2017-01-29T11:45:00Z,0 years 0 mons 0 days 0 hours 5 mins 0.00 secs,Arrived,0 years 0 mons 0 days 1 hours 39 mins 0.00 secs,Moscow,Europe/Moscow,2017-01-29T10:10:00Z,2017-01-29T11:49:00Z,0 years 0 mons 0 days 0 hours 4 mins 0.00 secs,733,Boeing,737-300,4200,Economy,90,1105200,12280,Business,9,329400,36600,1434600
136642,2017,1,30,AAQ,PG0480,EGO,2017-01-30T09:25:00Z,2017-01-30T10:15:00Z,0 years 0 mons 0 days 0 hours 3 mins 0.00 secs,Arrived,0 years 0 mons 0 days 0 hours 49 mins 0.00 secs,Belgorod,Europe/Moscow,2017-01-30T09:28:00Z,2017-01-30T10:17:00Z,0 years 0 mons 0 days 0 hours 2 mins 0.00 secs,SU9,Sukhoi,Superjet-100,3000,Economy,54,342000,6333,Business,10,189000,18900,531000
136226,2017,1,30,AAQ,PG0252,SVO,2017-01-30T10:05:00Z,2017-01-30T11:45:00Z,0 years 0 mons 0 days 0 hours 3 mins 0.00 secs,Arrived,0 years 0 mons 0 days 1 hours 40 mins 0.00 secs,Moscow,Europe/Moscow,2017-01-30T10:08:00Z,2017-01-30T11:48:00Z,0 years 0 mons 0 days 0 hours 3 mins 0.00 secs,733,Boeing,737-300,4200,Economy,118,1446800,12261,Business,12,439200,36600,1886000
136544,2017,1,31,AAQ,PG0194,NOZ,2017-01-31T06:10:00Z,2017-01-31T11:15:00Z,0 years 0 mons 0 days 0 hours 0 mins 0.00 secs,Arrived,0 years 0 mons 0 days 5 hours 4 mins 0.00 secs,Novokuznetsk,Asia/Novokuznetsk,2017-01-31T06:10:00Z,2017-01-31T11:14:00Z,0 years 0 mons 0 days 0 hours -1 mins -0.00 secs,733,Boeing,737-300,4200,,,,,,,,,
136869,2017,1,31,AAQ,PG0480,EGO,2017-01-31T09:25:00Z,2017-01-31T10:15:00Z,0 years 0 mons 0 days 0 hours 1 mins 0.00 secs,Arrived,0 years 0 mons 0 days 0 hours 50 mins 0.00 secs,Belgorod,Europe/Moscow,2017-01-31T09:26:00Z,2017-01-31T10:16:00Z,0 years 0 mons 0 days 0 hours 1 mins 0.00 secs,SU9,Sukhoi,Superjet-100,3000,Economy,85,538500,6335,Business,12,226800,18900,765300
136181,2017,1,31,AAQ,PG0252,SVO,2017-01-31T10:05:00Z,2017-01-31T11:45:00Z,0 years 0 mons 0 days 0 hours 0 mins 0.00 secs,Arrived,0 years 0 mons 0 days 1 hours 39 mins 0.00 secs,Moscow,Europe/Moscow,2017-01-31T10:05:00Z,2017-01-31T11:44:00Z,0 years 0 mons 0 days 0 hours -1 mins -0.00 secs,733,Boeing,737-300,4200,Economy,108,1323600,12256,Business,10,366000,36600,1689600
136900,2017,2,1,AAQ,PG0480,EGO,2017-02-01T09:25:00Z,2017-02-01T10:15:00Z,0 years 0 mons 0 days 0 hours 5 mins 0.00 secs,Arrived,0 years 0 mons 0 days 0 hours 51 mins 0.00 secs,Belgorod,Europe/Moscow,2017-02-01T09:30:00Z,2017-02-01T10:21:00Z,0 years 0 mons 0 days 0 hours 6 mins 0.00 secs,SU9,Sukhoi,Superjet-100,3000,Economy,85,538500,6335,Business,12,226800,18900,765300
136135,2017,2,1,AAQ,PG0252,SVO,2017-02-01T10:05:00Z,2017-02-01T11:45:00Z,0 years 0 mons 0 days 0 hours 3 mins 0.00 secs,Arrived,0 years 0 mons 0 days 1 hours 40 mins 0.00 secs,Moscow,Europe/Moscow,2017-02-01T10:08:00Z,2017-02-01T11:48:00Z,0 years 0 mons 0 days 0 hours 3 mins 0.00 secs,733,Boeing,737-300,4200,Economy,104,1276000,12269,Business,11,402600,36600,1678600
136951,2017,2,2,AAQ,PG0480,EGO,2017-02-02T09:25:00Z,2017-02-02T10:15:00Z,0 years 0 mons 0 days 0 hours 3 mins 0.00 secs,Arrived,0 years 0 mons 0 days 0 hours 49 mins 0.00 secs,Belgorod,Europe/Moscow,2017-02-02T09:28:00Z,2017-02-02T10:17:00Z,0 years 0 mons 0 days 0 hours 2 mins 0.00 secs,SU9,Sukhoi,Superjet-100,3000,Economy,78,493800,6331,Business,12,226800,18900,720600
136486,2017,2,2,AAQ,PG0252,SVO,2017-02-02T10:05:00Z,2017-02-02T11:45:00Z,0 years 0 mons 0 days 0 hours 2 mins 0.00 secs,Arrived,0 years 0 mons 0 days 1 hours 41 mins 0.00 secs,Moscow,Europe/Moscow,2017-02-02T10:07:00Z,2017-02-02T11:48:00Z,0 years 0 mons 0 days 0 hours 3 mins 0.00 secs,733,Boeing,737-300,4200,Economy,99,1212600,12248,Business,8,292800,36600,1505400
136672,2017,2,3,AAQ,PG0480,EGO,2017-02-03T09:25:00Z,2017-02-03T10:15:00Z,0 years 0 mons 0 days 0 hours 3 mins 0.00 secs,Arrived,0 years 0 mons 0 days 0 hours 50 mins 0.00 secs,Belgorod,Europe/Moscow,2017-02-03T09:28:00Z,2017-02-03T10:18:00Z,0 years 0 mons 0 days 0 hours 3 mins 0.00 secs,SU9,Sukhoi,Superjet-100,3000,Economy,84,532200,6336,Business,12,226800,18900,759000
136441,2017,2,3,AAQ,PG0252,SVO,2017-02-03T10:05:00Z,2017-02-03T11:45:00Z,0 years 0 mons 0 days 0 hours 2 mins 0.00 secs,Arrived,0 years 0 mons 0 days 1 hours 40 mins 0.00 secs,Moscow,Europe/Moscow,2017-02-03T10:07:00Z,2017-02-03T11:47:00Z,0 years 0 mons 0 days 0 hours 2 mins 0.00 secs,733,Boeing,737-300,4200,Economy,117,1434600,12262,Business,11,402600,36600,1837200
136956,2017,2,4,AAQ,PG0480,EGO,2017-02-04T09:25:00Z,2017-02-04T10:15:00Z,0 years 0 mons 0 days 0 hours 8 mins 0.00 secs,Arrived,0 years 0 mons 0 days 0 hours 50 mins 0.00 secs,Belgorod,Europe/Moscow,2017-02-04T09:33:00Z,2017-02-04T10:23:00Z,0 years 0 mons 0 days 0 hours 8 mins 0.00 secs,SU9,Sukhoi,Superjet-100,3000,Economy,85,538500,6335,Business,11,207900,18900,746400
136411,2017,2,4,AAQ,PG0252,SVO,2017-02-04T10:05:00Z,2017-02-04T11:45:00Z,0 years 0 mons 0 days 0 hours 1 mins 0.00 secs,Arrived,0 years 0 mons 0 days 1 hours 40 mins 0.00 secs,Moscow,Europe/Moscow,2017-02-04T10:06:00Z,2017-02-04T11:46:00Z,0 years 0 mons 0 days 0 hours 1 mins 0.00 secs,733,Boeing,737-300,4200,Economy,100,1224800,12248,Business,10,366000,36600,1590800
136823,2017,2,5,AAQ,PG0480,EGO,2017-02-05T09:25:00Z,2017-02-05T10:15:00Z,0 years 0 mons 0 days 0 hours 2 mins 0.00 secs,Arrived,0 years 0 mons 0 days 0 hours 51 mins 0.00 secs,Belgorod,Europe/Moscow,2017-02-05T09:27:00Z,2017-02-05T10:18:00Z,0 years 0 mons 0 days 0 hours 3 mins 0.00 secs,SU9,Sukhoi,Superjet-100,3000,Economy,68,431400,6344,Business,10,189000,18900,620400
136360,2017,2,5,AAQ,PG0252,SVO,2017-02-05T10:05:00Z,2017-02-05T11:45:00Z,0 years 0 mons 0 days 0 hours 3 mins 0.00 secs,Arrived,0 years 0 mons 0 days 1 hours 40 mins 0.00 secs,Moscow,Europe/Moscow,2017-02-05T10:08:00Z,2017-02-05T11:48:00Z,0 years 0 mons 0 days 0 hours 3 mins 0.00 secs,733,Boeing,737-300,4200,Economy,86,1052800,12242,Business,11,402600,36600,1455400
136754,2017,2,6,AAQ,PG0480,EGO,2017-02-06T09:25:00Z,2017-02-06T10:15:00Z,0 years 0 mons 0 days 0 hours 4 mins 0.00 secs,Arrived,0 years 0 mons 0 days 0 hours 49 mins 0.00 secs,Belgorod,Europe/Moscow,2017-02-06T09:29:00Z,2017-02-06T10:18:00Z,0 years 0 mons 0 days 0 hours 3 mins 0.00 secs,SU9,Sukhoi,Superjet-100,3000,Economy,78,494400,6338,Business,12,226800,18900,721200
136322,2017,2,6,AAQ,PG0252,SVO,2017-02-06T10:05:00Z,2017-02-06T11:45:00Z,0 years 0 mons 0 days 0 hours 6 mins 0.00 secs,Arrived,0 years 0 mons 0 days 1 hours 41 mins 0.00 secs,Moscow,Europe/Moscow,2017-02-06T10:11:00Z,2017-02-06T11:52:00Z,0 years 0 mons 0 days 0 hours 7 mins 0.00 secs,733,Boeing,737-300,4200,Economy,98,1201600,12261,Business,10,366000,36600,1567600
136514,2017,2,7,AAQ,PG0194,NOZ,2017-02-07T06:10:00Z,2017-02-07T11:15:00Z,0 years 0 mons 0 days 0 hours 4 mins 0.00 secs,Arrived,0 years 0 mons 0 days 4 hours 59 mins 0.00 secs,Novokuznetsk,Asia/Novokuznetsk,2017-02-07T06:14:00Z,2017-02-07T11:13:00Z,0 years 0 mons 0 days 0 hours -2 mins -0.00 secs,733,Boeing,737-300,4200,,,,,,,,,
136841,2017,2,7,AAQ,PG0480,EGO,2017-02-07T09:25:00Z,2017-02-07T10:15:00Z,0 years 0 mons 0 days 0 hours 0 mins 0.00 secs,Arrived,0 years 0 mons 0 days 0 hours 51 mins 0.00 secs,Belgorod,Europe/Moscow,2017-02-07T09:25:00Z,2017-02-07T10:16:00Z,0 years 0 mons 0 days 0 hours 1 mins 0.00 secs,SU9,Sukhoi,Superjet-100,3000,Economy,85,538500,6335,Business,12,226800,18900,765300
136284,2017,2,7,AAQ,PG0252,SVO,2017-02-07T10:05:00Z,2017-02-07T11:45:00Z,0 years 0 mons 0 days 0 hours 2 mins 0.00 secs,Arrived,0 years 0 mons 0 days 1 hours 41 mins 0.00 secs,Moscow,Europe/Moscow,2017-02-07T10:07:00Z,2017-02-07T11:48:00Z,0 years 0 mons 0 days 0 hours 3 mins 0.00 secs,733,Boeing,737-300,4200,Economy,107,1311400,12256,Business,10,366000,36600,1677400
136600,2017,2,8,AAQ,PG0480,EGO,2017-02-08T09:25:00Z,2017-02-08T10:15:00Z,0 years 0 mons 0 days 0 hours 1 mins 0.00 secs,Arrived,0 years 0 mons 0 days 0 hours 50 mins 0.00 secs,Belgorod,Europe/Moscow,2017-02-08T09:26:00Z,2017-02-08T10:16:00Z,0 years 0 mons 0 days 0 hours 1 mins 0.00 secs,SU9,Sukhoi,Superjet-100,3000,Economy,85,538500,6335,Business,12,226800,18900,765300
136250,2017,2,8,AAQ,PG0252,SVO,2017-02-08T10:05:00Z,2017-02-08T11:45:00Z,0 years 0 mons 0 days 0 hours 1 mins 0.00 secs,Arrived,0 years 0 mons 0 days 1 hours 41 mins 0.00 secs,Moscow,Europe/Moscow,2017-02-08T10:06:00Z,2017-02-08T11:47:00Z,0 years 0 mons 0 days 0 hours 2 mins 0.00 secs,733,Boeing,737-300,4200,Economy,91,1115000,12253,Business,8,292800,36600,1407800
136666,2017,2,9,AAQ,PG0480,EGO,2017-02-09T09:25:00Z,2017-02-09T10:15:00Z,0 years 0 mons 0 days 0 hours 1 mins 0.00 secs,Arrived,0 years 0 mons 0 days 0 hours 50 mins 0.00 secs,Belgorod,Europe/Moscow,2017-02-09T09:26:00Z,2017-02-09T10:16:00Z,0 years 0 mons 0 days 0 hours 1 mins 0.00 secs,SU9,Sukhoi,Superjet-100,3000,Economy,78,494400,6338,Business,9,170100,18900,664500
136146,2017,2,9,AAQ,PG0252,SVO,2017-02-09T10:05:00Z,2017-02-09T11:45:00Z,0 years 0 mons 0 days 0 hours 3 mins 0.00 secs,Arrived,0 years 0 mons 0 days 1 hours 40 mins 0.00 secs,Moscow,Europe/Moscow,2017-02-09T10:08:00Z,2017-02-09T11:48:00Z,0 years 0 mons 0 days 0 hours 3 mins 0.00 secs,733,Boeing,737-300,4200,Economy,98,1201600,12261,Business,11,402600,36600,1604200
136769,2017,2,10,AAQ,PG0480,EGO,2017-02-10T09:25:00Z,2017-02-10T10:15:00Z,0 years 0 mons 0 days 0 hours 5 mins 0.00 secs,Arrived,0 years 0 mons 0 days 0 hours 51 mins 0.00 secs,Belgorod,Europe/Moscow,2017-02-10T09:30:00Z,2017-02-10T10:21:00Z,0 years 0 mons 0 days 0 hours 6 mins 0.00 secs,SU9,Sukhoi,Superjet-100,3000,Economy,77,488100,6339,Business,11,207900,18900,696000
136348,2017,2,10,AAQ,PG0252,SVO,2017-02-10T10:05:00Z,2017-02-10T11:45:00Z,0 years 0 mons 0 days 0 hours 0 mins 0.00 secs,Arrived,0 years 0 mons 0 days 1 hours 40 mins 0.00 secs,Moscow,Europe/Moscow,2017-02-10T10:05:00Z,2017-02-10T11:45:00Z,0 years 0 mons 0 days 0 hours 0 mins 0.00 secs,733,Boeing,737-300,4200,Economy,108,1323600,12256,Business,12,439200,36600,1762800
136922,2017,2,11,AAQ,PG0480,EGO,2017-02-11T09:25:00Z,2017-02-11T10:15:00Z,0 years 0 mons 0 days 0 hours 2 mins 0.00 secs,Arrived,0 years 0 mons 0 days 0 hours 50 mins 0.00 secs,Belgorod,Europe/Moscow,2017-02-11T09:27:00Z,2017-02-11T10:17:00Z,0 years 0 mons 0 days 0 hours 2 mins 0.00 secs,SU9,Sukhoi,Superjet-100,3000,Economy,66,418800,6345,Business,10,189000,18900,607800
136269,2017,2,11,AAQ,PG0252,SVO,2017-02-11T10:05:00Z,2017-02-11T11:45:00Z,0 years 0 mons 0 days 0 hours 8 mins 0.00 secs,Arrived,0 years 0 mons 0 days 1 hours 40 mins 0.00 secs,Moscow,Europe/Moscow,2017-02-11T10:13:00Z,2017-02-11T11:53:00Z,0 years 0 mons 0 days 0 hours 8 mins 0.00 secs,733,Boeing,737-300,4200,Economy,98,1202800,12273,Business,11,402600,36600,1605400
136861,2017,2,12,AAQ,PG0480,EGO,2017-02-12T09:25:00Z,2017-02-12T10:15:00Z,0 years 0 mons 0 days 0 hours 3 mins 0.00 secs,Arrived,0 years 0 mons 0 days 0 hours 49 mins 0.00 secs,Belgorod,Europe/Moscow,2017-02-12T09:28:00Z,2017-02-12T10:17:00Z,0 years 0 mons 0 days 0 hours 2 mins 0.00 secs,SU9,Sukhoi,Superjet-100,3000,Economy,76,481200,6332,Business,11,207900,18900,689100
136270,2017,2,12,AAQ,PG0252,SVO,2017-02-12T10:05:00Z,2017-02-12T11:45:00Z,0 years 0 mons 0 days 0 hours 7 mins 0.00 secs,Arrived,0 years 0 mons 0 days 1 hours 39 mins 0.00 secs,Moscow,Europe/Moscow,2017-02-12T10:12:00Z,2017-02-12T11:51:00Z,0 years 0 mons 0 days 0 hours 6 mins 0.00 secs,733,Boeing,737-300,4200,Economy,100,1226000,12260,Business,11,402600,36600,1628600
136857,2017,2,13,AAQ,PG0480,EGO,2017-02-13T09:25:00Z,2017-02-13T10:15:00Z,0 years 0 mons 0 days 0 hours 6 mins 0.00 secs,Arrived,0 years 0 mons 0 days 0 hours 50 mins 0.00 secs,Belgorod,Europe/Moscow,2017-02-13T09:31:00Z,2017-02-13T10:21:00Z,0 years 0 mons 0 days 0 hours 6 mins 0.00 secs,SU9,Sukhoi,Superjet-100,3000,Economy,85,538500,6335,Business,12,226800,18900,765300
136130,2017,2,13,AAQ,PG0252,SVO,2017-02-13T10:05:00Z,2017-02-13T11:45:00Z,0 years 0 mons 0 days 0 hours 2 mins 0.00 secs,Arrived,0 years 0 mons 0 days 1 hours 39 mins 0.00 secs,Moscow,Europe/Moscow,2017-02-13T10:07:00Z,2017-02-13T11:46:00Z,0 years 0 mons 0 days 0 hours 1 mins 0.00 secs,733,Boeing,737-300,4200,Economy,97,1190600,12274,Business,10,366000,36600,1556600
136567,2017,2,14,AAQ,PG0194,NOZ,2017-02-14T06:10:00Z,2017-02-14T11:15:00Z,0 years 0 mons 0 days 0 hours 2 mins 0.00 secs,Arrived,0 years 0 mons 0 days 5 hours 11 mins 0.00 secs,Novokuznetsk,Asia/Novokuznetsk,2017-02-14T06:12:00Z,2017-02-14T11:23:00Z,0 years 0 mons 0 days 0 hours 8 mins 0.00 secs,733,Boeing,737-300,4200,,,,,,,,,
136888,2017,2,14,AAQ,PG0480,EGO,2017-02-14T09:25:00Z,2017-02-14T10:15:00Z,0 years 0 mons 0 days 0 hours 4 mins 0.00 secs,Arrived,0 years 0 mons 0 days 0 hours 50 mins 0.00 secs,Belgorod,Europe/Moscow,2017-02-14T09:29:00Z,2017-02-14T10:19:00Z,0 years 0 mons 0 days 0 hours 4 mins 0.00 secs,SU9,Sukhoi,Superjet-100,3000,Economy,69,437100,6335,Business,10,189000,18900,626100
136249,2017,2,14,AAQ,PG0252,SVO,2017-02-14T10:05:00Z,2017-02-14T11:45:00Z,0 years 0 mons 0 days 0 hours 3 mins 0.00 secs,Arrived,0 years 0 mons 0 days 1 hours 38 mins 0.00 secs,Moscow,Europe/Moscow,2017-02-14T10:08:00Z,2017-02-14T11:46:00Z,0 years 0 mons 0 days 0 hours 1 mins 0.00 secs,733,Boeing,737-300,4200,Economy,111,1361400,12265,Business,12,439200,36600,1800600
136605,2017,2,15,AAQ,PG0480,EGO,2017-02-15T09:25:00Z,2017-02-15T10:15:00Z,0 years 0 mons 0 days 0 hours 3 mins 0.00 secs,Arrived,0 years 0 mons 0 days 0 hours 51 mins 0.00 secs,Belgorod,Europe/Moscow,2017-02-15T09:28:00Z,2017-02-15T10:19:00Z,0 years 0 mons 0 days 0 hours 4 mins 0.00 secs,SU9,Sukhoi,Superjet-100,3000,Economy,85,538500,6335,Business,12,226800,18900,765300
136132,2017,2,15,AAQ,PG0252,SVO,2017-02-15T10:05:00Z,2017-02-15T11:45:00Z,0 years 0 mons 0 days 0 hours 4 mins 0.00 secs,Arrived,0 years 0 mons 0 days 1 hours 39 mins 0.00 secs,Moscow,Europe/Moscow,2017-02-15T10:09:00Z,2017-02-15T11:48:00Z,0 years 0 mons 0 days 0 hours 3 mins 0.00 secs,733,Boeing,737-300,4200,Economy,104,1274800,12258,Business,12,439200,36600,1714000
136875,2017,2,16,AAQ,PG0480,EGO,2017-02-16T09:25:00Z,2017-02-16T10:15:00Z,0 years 0 mons 0 days 0 hours 4 mins 0.00 secs,Arrived,0 years 0 mons 0 days 0 hours 50 mins 0.00 secs,Belgorod,Europe/Moscow,2017-02-16T09:29:00Z,2017-02-16T10:19:00Z,0 years 0 mons 0 days 0 hours 4 mins 0.00 secs,SU9,Sukhoi,Superjet-100,3000,Economy,85,538500,6335,Business,12,226800,18900,765300
136268,2017,2,16,AAQ,PG0252,SVO,2017-02-16T10:05:00Z,2017-02-16T11:45:00Z,0 years 0 mons 0 days 0 hours 3 mins 0.00 secs,Arrived,0 years 0 mons 0 days 1 hours 41 mins 0.00 secs,Moscow,Europe/Moscow,2017-02-16T10:08:00Z,2017-02-16T11:49:00Z,0 years 0 mons 0 days 0 hours 4 mins 0.00 secs,733,Boeing,737-300,4200,Economy,104,1273600,12246,Business,11,402600,36600,1676200
136620,2017,2,17,AAQ,PG0480,EGO,2017-02-17T09:25:00Z,2017-02-17T10:15:00Z,0 years 0 mons 0 days 0 hours 5 mins 0.00 secs,Arrived,0 years 0 mons 0 days 0 hours 49 mins 0.00 secs,Belgorod,Europe/Moscow,2017-02-17T09:30:00Z,2017-02-17T10:19:00Z,0 years 0 mons 0 days 0 hours 4 mins 0.00 secs,SU9,Sukhoi,Superjet-100,3000,Economy,70,443400,6334,Business,9,170100,18900,613500
136452,2017,2,17,AAQ,PG0252,SVO,2017-02-17T10:05:00Z,2017-02-17T11:45:00Z,0 years 0 mons 0 days 0 hours 3 mins 0.00 secs,Arrived,0 years 0 mons 0 days 1 hours 40 mins 0.00 secs,Moscow,Europe/Moscow,2017-02-17T10:08:00Z,2017-02-17T11:48:00Z,0 years 0 mons 0 days 0 hours 3 mins 0.00 secs,733,Boeing,737-300,4200,Economy,98,1200400,12249,Business,11,402600,36600,1603000
136827,2017,2,18,AAQ,PG0480,EGO,2017-02-18T09:25:00Z,2017-02-18T10:15:00Z,0 years 0 mons 0 days 0 hours 1 mins 0.00 secs,Arrived,0 years 0 mons 0 days 0 hours 51 mins 0.00 secs,Belgorod,Europe/Moscow,2017-02-18T09:26:00Z,2017-02-18T10:17:00Z,0 years 0 mons 0 days 0 hours 2 mins 0.00 secs,SU9,Sukhoi,Superjet-100,3000,Economy,85,538500,6335,Business,12,226800,18900,765300
136264,2017,2,18,AAQ,PG0252,SVO,2017-02-18T10:05:00Z,2017-02-18T11:45:00Z,0 years 0 mons 0 days 0 hours 2 mins 0.00 secs,Arrived,0 years 0 mons 0 days 1 hours 40 mins 0.00 secs,Moscow,Europe/Moscow,2017-02-18T10:07:00Z,2017-02-18T11:47:00Z,0 years 0 mons 0 days 0 hours 2 mins 0.00 secs,733,Boeing,737-300,4200,Economy,105,1288200,12269,Business,11,402600,36600,1690800
136815,2017,2,19,AAQ,PG0480,EGO,2017-02-19T09:25:00Z,2017-02-19T10:15:00Z,0 years 0 mons 0 days 0 hours 1 mins 0.00 secs,Arrived,0 years 0 mons 0 days 0 hours 51 mins 0.00 secs,Belgorod,Europe/Moscow,2017-02-19T09:26:00Z,2017-02-19T10:17:00Z,0 years 0 mons 0 days 0 hours 2 mins 0.00 secs,SU9,Sukhoi,Superjet-100,3000,Economy,85,538500,6335,Business,12,226800,18900,765300
136320,2017,2,19,AAQ,PG0252,SVO,2017-02-19T10:05:00Z,2017-02-19T11:45:00Z,0 years 0 mons 0 days 0 hours 0 mins 0.00 secs,Arrived,0 years 0 mons 0 days 1 hours 40 mins 0.00 secs,Moscow,Europe/Moscow,2017-02-19T10:05:00Z,2017-02-19T11:45:00Z,0 years 0 mons 0 days 0 hours 0 mins 0.00 secs,733,Boeing,737-300,4200,Economy,96,1178400,12275,Business,10,366000,36600,1544400
136660,2017,2,20,AAQ,PG0480,EGO,2017-02-20T09:25:00Z,2017-02-20T10:15:00Z,0 years 0 mons 0 days 0 hours 1 mins 0.00 secs,Arrived,0 years 0 mons 0 days 0 hours 49 mins 0.00 secs,Belgorod,Europe/Moscow,2017-02-20T09:26:00Z,2017-02-20T10:15:00Z,0 years 0 mons 0 days 0 hours 0 mins 0.00 secs,SU9,Sukhoi,Superjet-100,3000,Economy,77,488100,6339,Business,10,189000,18900,677100
136403,2017,2,20,AAQ,PG0252,SVO,2017-02-20T10:05:00Z,2017-02-20T11:45:00Z,0 years 0 mons 0 days 0 hours 1 mins 0.00 secs,Arrived,0 years 0 mons 0 days 1 hours 40 mins 0.00 secs,Moscow,Europe/Moscow,2017-02-20T10:06:00Z,2017-02-20T11:46:00Z,0 years 0 mons 0 days 0 hours 1 mins 0.00 secs,733,Boeing,737-300,4200,Economy,117,1434600,12262,Business,12,439200,36600,1873800
136511,2017,2,21,AAQ,PG0194,NOZ,2017-02-21T06:10:00Z,2017-02-21T11:15:00Z,0 years 0 mons 0 days 0 hours 5 mins 0.00 secs,Arrived,0 years 0 mons 0 days 5 hours 10 mins 0.00 secs,Novokuznetsk,Asia/Novokuznetsk,2017-02-21T06:15:00Z,2017-02-21T11:25:00Z,0 years 0 mons 0 days 0 hours 10 mins 0.00 secs,733,Boeing,737-300,4200,,,,,,,,,
136612,2017,2,21,AAQ,PG0480,EGO,2017-02-21T09:25:00Z,2017-02-21T10:15:00Z,0 years 0 mons 0 days 0 hours 2 mins 0.00 secs,Arrived,0 years 0 mons 0 days 0 hours 50 mins 0.00 secs,Belgorod,Europe/Moscow,2017-02-21T09:27:00Z,2017-02-21T10:17:00Z,0 years 0 mons 0 days 0 hours 2 mins 0.00 secs,SU9,Sukhoi,Superjet-100,3000,Economy,82,519600,6337,Business,12,226800,18900,746400
136479,2017,2,21,AAQ,PG0252,SVO,2017-02-21T10:05:00Z,2017-02-21T11:45:00Z,0 years 0 mons 0 days 0 hours 3 mins 0.00 secs,Arrived,0 years 0 mons 0 days 1 hours 39 mins 0.00 secs,Moscow,Europe/Moscow,2017-02-21T10:08:00Z,2017-02-21T11:47:00Z,0 years 0 mons 0 days 0 hours 2 mins 0.00 secs,733,Boeing,737-300,4200,Economy,112,1372400,12254,Business,10,366000,36600,1738400
136778,2017,2,22,AAQ,PG0480,EGO,2017-02-22T09:25:00Z,2017-02-22T10:15:00Z,0 years 0 mons 0 days 0 hours 1 mins 0.00 secs,Arrived,0 years 0 mons 0 days 0 hours 50 mins 0.00 secs,Belgorod,Europe/Moscow,2017-02-22T09:26:00Z,2017-02-22T10:16:00Z,0 years 0 mons 0 days 0 hours 1 mins 0.00 secs,SU9,Sukhoi,Superjet-100,3000,Economy,84,532200,6336,Business,12,226800,18900,759000
136165,2017,2,22,AAQ,PG0252,SVO,2017-02-22T10:05:00Z,2017-02-22T11:45:00Z,0 years 0 mons 0 days 0 hours 6 mins 0.00 secs,Arrived,0 years 0 mons 0 days 1 hours 41 mins 0.00 secs,Moscow,Europe/Moscow,2017-02-22T10:11:00Z,2017-02-22T11:52:00Z,0 years 0 mons 0 days 0 hours 7 mins 0.00 secs,733,Boeing,737-300,4200,Economy,101,1238200,12259,Business,9,329400,36600,1567600
136807,2017,2,23,AAQ,PG0480,EGO,2017-02-23T09:25:00Z,2017-02-23T10:15:00Z,0 years 0 mons 0 days 0 hours 3 mins 0.00 secs,Arrived,0 years 0 mons 0 days 0 hours 50 mins 0.00 secs,Belgorod,Europe/Moscow,2017-02-23T09:28:00Z,2017-02-23T10:18:00Z,0 years 0 mons 0 days 0 hours 3 mins 0.00 secs,SU9,Sukhoi,Superjet-100,3000,Economy,60,379800,6330,Business,8,151200,18900,531000
136204,2017,2,23,AAQ,PG0252,SVO,2017-02-23T10:05:00Z,2017-02-23T11:45:00Z,0 years 0 mons 0 days 0 hours 1 mins 0.00 secs,Arrived,0 years 0 mons 0 days 1 hours 40 mins 0.00 secs,Moscow,Europe/Moscow,2017-02-23T10:06:00Z,2017-02-23T11:46:00Z,0 years 0 mons 0 days 0 hours 1 mins 0.00 secs,733,Boeing,737-300,4200,Economy,101,1238200,12259,Business,6,219600,36600,1457800
136780,2017,2,24,AAQ,PG0480,EGO,2017-02-24T09:25:00Z,2017-02-24T10:15:00Z,0 years 0 mons 0 days 0 hours 5 mins 0.00 secs,Arrived,0 years 0 mons 0 days 0 hours 50 mins 0.00 secs,Belgorod,Europe/Moscow,2017-02-24T09:30:00Z,2017-02-24T10:20:00Z,0 years 0 mons 0 days 0 hours 5 mins 0.00 secs,SU9,Sukhoi,Superjet-100,3000,Economy,77,488100,6339,Business,12,226800,18900,714900
136120,2017,2,24,AAQ,PG0252,SVO,2017-02-24T10:05:00Z,2017-02-24T11:45:00Z,0 years 0 mons 0 days 0 hours 2 mins 0.00 secs,Arrived,0 years 0 mons 0 days 1 hours 39 mins 0.00 secs,Moscow,Europe/Moscow,2017-02-24T10:07:00Z,2017-02-24T11:46:00Z,0 years 0 mons 0 days 0 hours 1 mins 0.00 secs,733,Boeing,737-300,4200,Economy,98,1202800,12273,Business,11,402600,36600,1605400
136630,2017,2,25,AAQ,PG0480,EGO,2017-02-25T09:25:00Z,2017-02-25T10:15:00Z,0 years 0 mons 0 days 0 hours 7 mins 0.00 secs,Arrived,0 years 0 mons 0 days 0 hours 50 mins 0.00 secs,Belgorod,Europe/Moscow,2017-02-25T09:32:00Z,2017-02-25T10:22:00Z,0 years 0 mons 0 days 0 hours 7 mins 0.00 secs,SU9,Sukhoi,Superjet-100,3000,Economy,82,519600,6337,Business,12,226800,18900,746400
136439,2017,2,25,AAQ,PG0252,SVO,2017-02-25T10:05:00Z,2017-02-25T11:45:00Z,0 years 0 mons 0 days 0 hours 3 mins 0.00 secs,Arrived,0 years 0 mons 0 days 1 hours 40 mins 0.00 secs,Moscow,Europe/Moscow,2017-02-25T10:08:00Z,2017-02-25T11:48:00Z,0 years 0 mons 0 days 0 hours 3 mins 0.00 secs,733,Boeing,737-300,4200,Economy,106,1299200,12257,Business,11,402600,36600,1701800
136802,2017,2,26,AAQ,PG0480,EGO,2017-02-26T09:25:00Z,2017-02-26T10:15:00Z,0 years 0 mons 0 days 0 hours 7 mins 0.00 secs,Arrived,0 years 0 mons 0 days 0 hours 50 mins 0.00 secs,Belgorod,Europe/Moscow,2017-02-26T09:32:00Z,2017-02-26T10:22:00Z,0 years 0 mons 0 days 0 hours 7 mins 0.00 secs,SU9,Sukhoi,Superjet-100,3000,Economy,85,538500,6335,Business,11,207900,18900,746400
136351,2017,2,26,AAQ,PG0252,SVO,2017-02-26T10:05:00Z,2017-02-26T11:45:00Z,0 years 0 mons 0 days 0 hours 8 mins 0.00 secs,Arrived,0 years 0 mons 0 days 1 hours 40 mins 0.00 secs,Moscow,Europe/Moscow,2017-02-26T10:13:00Z,2017-02-26T11:53:00Z,0 years 0 mons 0 days 0 hours 8 mins 0.00 secs,733,Boeing,737-300,4200,Economy,94,1152800,12264,Business,11,402600,36600,1555400
136953,2017,2,27,AAQ,PG0480,EGO,2017-02-27T09:25:00Z,2017-02-27T10:15:00Z,0 years 0 mons 0 days 0 hours 2 mins 0.00 secs,Arrived,0 years 0 mons 0 days 0 hours 50 mins 0.00 secs,Belgorod,Europe/Moscow,2017-02-27T09:27:00Z,2017-02-27T10:17:00Z,0 years 0 mons 0 days 0 hours 2 mins 0.00 secs,SU9,Sukhoi,Superjet-100,3000,Economy,85,538500,6335,Business,12,226800,18900,765300
136266,2017,2,27,AAQ,PG0252,SVO,2017-02-27T10:05:00Z,2017-02-27T11:45:00Z,0 years 0 mons 0 days 0 hours 3 mins 0.00 secs,Arrived,0 years 0 mons 0 days 1 hours 40 mins 0.00 secs,Moscow,Europe/Moscow,2017-02-27T10:08:00Z,2017-02-27T11:48:00Z,0 years 0 mons 0 days 0 hours 3 mins 0.00 secs,733,Boeing,737-300,4200,Economy,98,1200400,12249,Business,10,366000,36600,1566400
136513,2017,2,28,AAQ,PG0194,NOZ,2017-02-28T06:10:00Z,2017-02-28T11:15:00Z,0 years 0 mons 0 days 0 hours 3 mins 0.00 secs,Arrived,0 years 0 mons 0 days 5 hours 10 mins 0.00 secs,Novokuznetsk,Asia/Novokuznetsk,2017-02-28T06:13:00Z,2017-02-28T11:23:00Z,0 years 0 mons 0 days 0 hours 8 mins 0.00 secs,733,Boeing,737-300,4200,,,,,,,,,
136844,2017,2,28,AAQ,PG0480,EGO,2017-02-28T09:25:00Z,2017-02-28T10:15:00Z,0 years 0 mons 0 days 0 hours 1 mins 0.00 secs,Arrived,0 years 0 mons 0 days 0 hours 50 mins 0.00 secs,Belgorod,Europe/Moscow,2017-02-28T09:26:00Z,2017-02-28T10:16:00Z,0 years 0 mons 0 days 0 hours 1 mins 0.00 secs,SU9,Sukhoi,Superjet-100,3000,Economy,73,461700,6325,Business,6,113400,18900,575100
136215,2017,2,28,AAQ,PG0252,SVO,2017-02-28T10:05:00Z,2017-02-28T11:45:00Z,0 years 0 mons 0 days 0 hours 4 mins 0.00 secs,Arrived,0 years 0 mons 0 days 1 hours 40 mins 0.00 secs,Moscow,Europe/Moscow,2017-02-28T10:09:00Z,2017-02-28T11:49:00Z,0 years 0 mons 0 days 0 hours 4 mins 0.00 secs,733,Boeing,737-300,4200,Economy,103,1261400,12247,Business,11,402600,36600,1664000
